id	title	url	phase	batch	base
P5834	[USACO19DEC] MooBuzz S	https://www.luogu.com.cn/problem/P5834	initial	I	P5834 [USACO19DEC] MooBuzz S
P5833	[USACO19DEC] Livestock Lineup B	https://www.luogu.com.cn/problem/P5833	initial	I	P5833 [USACO19DEC] Livestock Lineup B
P5595	【XR-4】歌唱比赛	https://www.luogu.com.cn/problem/P5595	initial	I	P5595 【XR-4】歌唱比赛
P5542	[USACO19FEB] Painting The Barn S	https://www.luogu.com.cn/problem/P5542	initial	I	P5542 [USACO19FEB] Painting The Barn S
P5543	[USACO19FEB] The Great Revegetation S	https://www.luogu.com.cn/problem/P5543	initial	I	P5543 [USACO19FEB] The Great Revegetation S
P5541	[USACO19FEB] Sleepy Cow Herding S	https://www.luogu.com.cn/problem/P5541	initial	I	P5541 [USACO19FEB] Sleepy Cow Herding S
P13473	[GCJ 2008 #3] Endless Knight	https://www.luogu.com.cn/problem/P13473	initial	I	P13473 [GCJ 2008 #3] Endless Knight
P13825	【模板】线段树 1.5	https://www.luogu.com.cn/problem/P13825	initial	I	P13825 【模板】线段树 1.5
P1226	【模板】快速幂	https://www.luogu.com.cn/problem/P1226	training1016090	N1-01	P1226 【模板】快速幂
P2886	[USACO07NOV] Cow Relays G	https://www.luogu.com.cn/problem/P2886	training1016090	N1-01	P2886 [USACO07NOV] Cow Relays G
P1349	广义斐波那契数列	https://www.luogu.com.cn/problem/P1349	training1016090	N1-01	P1349 广义斐波那契数列
P1939	矩阵加速（数列）	https://www.luogu.com.cn/problem/P1939	training1016090	N1-01	P1939 矩阵加速（数列）
P1306	斐波那契公约数	https://www.luogu.com.cn/problem/P1306	training1016090	N1-01	P1306 斐波那契公约数
P2044	[NOI2012] 随机数生成器	https://www.luogu.com.cn/problem/P2044	training1016090	N1-01	P2044 [NOI2012] 随机数生成器
P5175	数列	https://www.luogu.com.cn/problem/P5175	training1016090	N1-01	P5175 数列
P3390	【模板】矩阵快速幂	https://www.luogu.com.cn/problem/P3390	training1016090	N1-01	P3390 【模板】矩阵快速幂
P4783	【模板】矩阵求逆	https://www.luogu.com.cn/problem/P4783	training1016090	N1-01	P4783 【模板】矩阵求逆
P1962	斐波那契数列	https://www.luogu.com.cn/problem/P1962	training1016090	N1-01	P1962 斐波那契数列
P4000	斐波那契数列	https://www.luogu.com.cn/problem/P4000	training1016090	N1-01	P4000 斐波那契数列
P3758	[TJOI2017] 可乐	https://www.luogu.com.cn/problem/P3758	training1016090	N1-01	P3758 [TJOI2017] 可乐
P4967	黑暗打击	https://www.luogu.com.cn/problem/P4967	training1016090	N1-02	P4967 黑暗打击
P5343	【XR-1】分块	https://www.luogu.com.cn/problem/P5343	training1016090	N1-02	P5343 【XR-1】分块
P5337	[TJOI2019] 甲苯先生的字符串	https://www.luogu.com.cn/problem/P5337	training1016090	N1-02	P5337 [TJOI2019] 甲苯先生的字符串
P5303	[GXOI/GZOI2019] 逼死强迫症	https://www.luogu.com.cn/problem/P5303	training1016090	N1-02	P5303 [GXOI_GZOI2019] 逼死强迫症
P3389	【模板】高斯消元法	https://www.luogu.com.cn/problem/P3389	training1016090	N1-02	P3389 【模板】高斯消元法
P2447	[SDOI2010] 外星千足虫	https://www.luogu.com.cn/problem/P2447	training1016090	N1-02	P2447 [SDOI2010] 外星千足虫
P4035	[JSOI2008] 球形空间产生器	https://www.luogu.com.cn/problem/P4035	training1016090	N1-02	P4035 [JSOI2008] 球形空间产生器
P5516	[MtOI2019] 小铃的烦恼	https://www.luogu.com.cn/problem/P5516	training1016090	N1-02	P5516 [MtOI2019] 小铃的烦恼
P4111	[HEOI2015] 小 Z 的房间	https://www.luogu.com.cn/problem/P4111	training1016090	N1-02	P4111 [HEOI2015] 小 Z 的房间
P4457	[BJOI2018] 治疗之雨	https://www.luogu.com.cn/problem/P4457	training1016090	N1-02	P4457 [BJOI2018] 治疗之雨
P3812	【模板】线性基	https://www.luogu.com.cn/problem/P3812	training1016090	N1-02	P3812 【模板】线性基
P3857	[TJOI2008] 彩灯	https://www.luogu.com.cn/problem/P3857	training1016090	N1-02	P3857 [TJOI2008] 彩灯
P4570	[BJWC2011] 元素	https://www.luogu.com.cn/problem/P4570	training1016090	N1-03	P4570 [BJWC2011] 元素
P3292	[SCOI2016] 幸运数字	https://www.luogu.com.cn/problem/P3292	training1016090	N1-03	P3292 [SCOI2016] 幸运数字
P4151	[WC2011] 最大 XOR 和路径	https://www.luogu.com.cn/problem/P4151	training1016090	N1-03	P4151 [WC2011] 最大 XOR 和路径
P4377	[USACO18OPEN] Talent Show G	https://www.luogu.com.cn/problem/P4377	training1016090	N1-03	P4377 [USACO18OPEN] Talent Show G
P3199	[HNOI2009] 最小圈	https://www.luogu.com.cn/problem/P3199	training1016090	N1-03	P3199 [HNOI2009] 最小圈
P3288	[SCOI2014] 方伯伯运椰子	https://www.luogu.com.cn/problem/P3288	training1016090	N1-03	P3288 [SCOI2014] 方伯伯运椰子
P3705	[SDOI2017] 新生舞会	https://www.luogu.com.cn/problem/P3705	training1016090	N1-03	P3705 [SDOI2017] 新生舞会
P4322	[JSOI2016] 最佳团体	https://www.luogu.com.cn/problem/P4322	training1016090	N1-03	P4322 [JSOI2016] 最佳团体
P2152	[SDOI2009] SuperGCD	https://www.luogu.com.cn/problem/P2152	training1016090	N1-03	P2152 [SDOI2009] SuperGCD
P1890	gcd 区间	https://www.luogu.com.cn/problem/P1890	training1016090	N1-03	P1890 gcd 区间
P5435	基于值域预处理的快速 GCD	https://www.luogu.com.cn/problem/P5435	training1016090	N1-03	P5435 基于值域预处理的快速 GCD
P5436	【XR-2】缘分	https://www.luogu.com.cn/problem/P5436	training1016090	N1-03	P5436 【XR-2】缘分
P1029	[NOIP 2001 普及组] 最大公约数和最小公倍数问题	https://www.luogu.com.cn/problem/P1029	training1016090	N1-04	P1029 [NOIP 2001 普及组] 最大公约数和最小公倍数问题
P1414	又是毕业季II	https://www.luogu.com.cn/problem/P1414	training1016090	N1-04	P1414 又是毕业季II
P1072	[NOIP 2009 提高组] Hankson 的趣味题	https://www.luogu.com.cn/problem/P1072	training1016090	N1-04	P1072 [NOIP 2009 提高组] Hankson 的趣味题
P4549	【模板】裴蜀定理	https://www.luogu.com.cn/problem/P4549	training1016090	N1-04	P4549 【模板】裴蜀定理
P1516	青蛙的约会	https://www.luogu.com.cn/problem/P1516	training1016090	N1-04	P1516 青蛙的约会
P1082	[NOIP 2012 提高组] 同余方程	https://www.luogu.com.cn/problem/P1082	training1016090	N1-04	P1082 [NOIP 2012 提高组] 同余方程
P2613	【模板】有理数取余	https://www.luogu.com.cn/problem/P2613	training1016090	N1-04	P2613 【模板】有理数取余
P3811	【模板】模意义下的乘法逆元	https://www.luogu.com.cn/problem/P3811	training1016090	N1-04	P3811 【模板】模意义下的乘法逆元
P5431	【模板】模意义下的乘法逆元 2	https://www.luogu.com.cn/problem/P5431	training1016090	N1-04	P5431 【模板】模意义下的乘法逆元 2
P3951	[NOIP 2017 提高组] 小凯的疑惑	https://www.luogu.com.cn/problem/P3951	training1016090	N1-04	P3951 [NOIP 2017 提高组] 小凯的疑惑
P4777	【模板】扩展中国剩余定理（EXCRT）	https://www.luogu.com.cn/problem/P4777	training1016090	N1-04	P4777 【模板】扩展中国剩余定理（EXCRT）
P3868	[TJOI2009] 猜数字	https://www.luogu.com.cn/problem/P3868	training1016090	N1-04	P3868 [TJOI2009] 猜数字
P2480	[SDOI2010] 古代猪文	https://www.luogu.com.cn/problem/P2480	training1016090	N1-05	P2480 [SDOI2010] 古代猪文
P4774	[NOI2018] 屠龙勇士	https://www.luogu.com.cn/problem/P4774	training1016090	N1-05	P4774 [NOI2018] 屠龙勇士
P5345	【XR-1】快乐肥宅	https://www.luogu.com.cn/problem/P5345	training1016090	N1-05	P5345 【XR-1】快乐肥宅
P4718	【模板】Pollard-Rho	https://www.luogu.com.cn/problem/P4718	training1016090	N1-05	P4718 【模板】Pollard-Rho
P1075	[NOIP 2012 普及组] 质因数分解	https://www.luogu.com.cn/problem/P1075	training1016090	N1-05	P1075 [NOIP 2012 普及组] 质因数分解
P2441	角色属性树	https://www.luogu.com.cn/problem/P2441	training1016090	N1-05	P2441 角色属性树
P5535	【XR-3】小道消息	https://www.luogu.com.cn/problem/P5535	training1016090	N1-05	P5535 【XR-3】小道消息
P2158	[SDOI2008] 仪仗队	https://www.luogu.com.cn/problem/P2158	training1016090	N1-05	P2158 [SDOI2008] 仪仗队
P2568	GCD	https://www.luogu.com.cn/problem/P2568	training1016090	N1-05	P2568 GCD
P2398	GCD SUM	https://www.luogu.com.cn/problem/P2398	training1016090	N1-05	P2398 GCD SUM
P4139	上帝与集合的正确用法	https://www.luogu.com.cn/problem/P4139	training1016090	N1-05	P4139 上帝与集合的正确用法
P5221	Product	https://www.luogu.com.cn/problem/P5221	training1016090	N1-05	P5221 Product
P2261	[CQOI2007] 余数求和	https://www.luogu.com.cn/problem/P2261	training1016090	N1-06	P2261 [CQOI2007] 余数求和
P3935	Calculating	https://www.luogu.com.cn/problem/P3935	training1016090	N1-06	P3935 Calculating
P3172	[CQOI2015] 选数	https://www.luogu.com.cn/problem/P3172	training1016090	N1-06	P3172 [CQOI2015] 选数
P2522	[HAOI2011] Problem b	https://www.luogu.com.cn/problem/P2522	training1016090	N1-06	P2522 [HAOI2011] Problem b
P3455	[POI 2007] ZAP-Queries	https://www.luogu.com.cn/problem/P3455	training1016090	N1-06	P3455 [POI 2007] ZAP-Queries
P3327	[SDOI2015] 约数个数和	https://www.luogu.com.cn/problem/P3327	training1016090	N1-06	P3327 [SDOI2015] 约数个数和
P1829	[集训队互测 2010] Crash的数字表格 / JZPTAB	https://www.luogu.com.cn/problem/P1829	training1016090	N1-06	P1829 [集训队互测 2010] Crash的数字表格 _ JZPTAB
P4619	[SDOI2018] 旧试题	https://www.luogu.com.cn/problem/P4619	training1016090	N1-06	P4619 [SDOI2018] 旧试题
P3704	[SDOI2017] 数字表格	https://www.luogu.com.cn/problem/P3704	training1016090	N1-06	P3704 [SDOI2017] 数字表格
P5518	[MtOI2019] 幽灵乐团 / 莫比乌斯反演基础练习题	https://www.luogu.com.cn/problem/P5518	training1016090	N1-06	P5518 [MtOI2019] 幽灵乐团 _ 莫比乌斯反演基础练习题
P4213	【模板】杜教筛	https://www.luogu.com.cn/problem/P4213	training1016090	N1-06	P4213 【模板】杜教筛
P3803	【模板】多项式乘法（FFT）	https://www.luogu.com.cn/problem/P3803	training1016090	N1-06	P3803 【模板】多项式乘法（FFT）
P1919	【模板】高精度乘法 / A*B Problem 升级版	https://www.luogu.com.cn/problem/P1919	training1016090	N1-07	P1919 【模板】高精度乘法 _ A_B Problem 升级版
P4238	【模板】多项式乘法逆	https://www.luogu.com.cn/problem/P4238	training1016090	N1-07	P4238 【模板】多项式乘法逆
P4245	【模板】任意模数多项式乘法	https://www.luogu.com.cn/problem/P4245	training1016090	N1-07	P4245 【模板】任意模数多项式乘法
P4512	【模板】多项式除法	https://www.luogu.com.cn/problem/P4512	training1016090	N1-07	P4512 【模板】多项式除法
P4717	【模板】快速莫比乌斯 / 沃尔什变换 (FMT / FWT)	https://www.luogu.com.cn/problem/P4717	training1016090	N1-07	P4717 【模板】快速莫比乌斯 _ 沃尔什变换 (FMT _ FWT)
P4721	【模板】分治 FFT	https://www.luogu.com.cn/problem/P4721	training1016090	N1-07	P4721 【模板】分治 FFT
P4725	【模板】多项式对数函数（多项式 ln）	https://www.luogu.com.cn/problem/P4725	training1016090	N1-07	P4725 【模板】多项式对数函数（多项式 ln）
P4726	【模板】多项式指数函数（多项式 exp）	https://www.luogu.com.cn/problem/P4726	training1016090	N1-07	P4726 【模板】多项式指数函数（多项式 exp）
P4781	【模板】拉格朗日插值	https://www.luogu.com.cn/problem/P4781	training1016090	N1-07	P4781 【模板】拉格朗日插值
P5050	【模板】多项式多点求值	https://www.luogu.com.cn/problem/P5050	training1016090	N1-07	P5050 【模板】多项式多点求值
P5158	【模板】多项式快速插值	https://www.luogu.com.cn/problem/P5158	training1016090	N1-07	P5158 【模板】多项式快速插值
P5205	【模板】多项式开根	https://www.luogu.com.cn/problem/P5205	training1016090	N1-07	P5205 【模板】多项式开根
P5245	【模板】多项式快速幂	https://www.luogu.com.cn/problem/P5245	training1016090	N1-08	P5245 【模板】多项式快速幂
P5273	【模板】多项式幂函数（加强版）	https://www.luogu.com.cn/problem/P5273	training1016090	N1-08	P5273 【模板】多项式幂函数（加强版）
P5282	【模板】快速阶乘算法	https://www.luogu.com.cn/problem/P5282	training1016090	N1-08	P5282 【模板】快速阶乘算法
P5373	【模板】多项式复合函数	https://www.luogu.com.cn/problem/P5373	training1016090	N1-08	P5373 【模板】多项式复合函数
P5383	普通多项式转下降幂多项式	https://www.luogu.com.cn/problem/P5383	training1016090	N1-08	P5383 普通多项式转下降幂多项式
P5393	下降幂多项式转普通多项式	https://www.luogu.com.cn/problem/P5393	training1016090	N1-08	P5393 下降幂多项式转普通多项式
P5394	【模板】下降幂多项式乘法	https://www.luogu.com.cn/problem/P5394	training1016090	N1-08	P5394 【模板】下降幂多项式乘法
P3338	[ZJOI2014] 力	https://www.luogu.com.cn/problem/P3338	training1016090	N1-08	P3338 [ZJOI2014] 力
P3723	[AHOI2017/HNOI2017] 礼物	https://www.luogu.com.cn/problem/P3723	training1016090	N1-08	P3723 [AHOI2017_HNOI2017] 礼物
P5437	【XR-2】约定	https://www.luogu.com.cn/problem/P5437	training1016090	N1-08	P5437 【XR-2】约定
P5293	[HNOI2019] 白兔之舞	https://www.luogu.com.cn/problem/P5293	training1016090	N1-08	P5293 [HNOI2019] 白兔之舞
P5432	A/B Problem（高精度除法Ⅱ）	https://www.luogu.com.cn/problem/P5432	training1016090	N1-08	P5432 A_B Problem（高精度除法Ⅱ）
P5472	[NOI2019] 斗主地	https://www.luogu.com.cn/problem/P5472	training1016090	N1-09	P5472 [NOI2019] 斗主地
P5577	[CmdOI2019] 算力训练	https://www.luogu.com.cn/problem/P5577	training1016090	N1-09	P5577 [CmdOI2019] 算力训练
P4525	【模板】自适应辛普森法 1	https://www.luogu.com.cn/problem/P4525	training1016090	N1-09	P4525 【模板】自适应辛普森法 1
P5104	红包发红包	https://www.luogu.com.cn/problem/P5104	training1016090	N1-09	P5104 红包发红包
P1850	[NOIP 2016 提高组] 换教室	https://www.luogu.com.cn/problem/P1850	training1016090	N1-09	P1850 [NOIP 2016 提高组] 换教室
P3830	[SHOI2012] 随机树	https://www.luogu.com.cn/problem/P3830	training1016090	N1-09	P3830 [SHOI2012] 随机树
P4564	[CTSC2018] 假面	https://www.luogu.com.cn/problem/P4564	training1016090	N1-09	P4564 [CTSC2018] 假面
P2473	[SCOI2008] 奖励关	https://www.luogu.com.cn/problem/P2473	training1016090	N1-09	P2473 [SCOI2008] 奖励关
P2221	[HAOI2012] 高速公路	https://www.luogu.com.cn/problem/P2221	training1016090	N1-09	P2221 [HAOI2012] 高速公路
P3239	[HNOI2015] 亚瑟王	https://www.luogu.com.cn/problem/P3239	training1016090	N1-09	P3239 [HNOI2015] 亚瑟王
P3750	[六省联考 2017] 分手是祝愿	https://www.luogu.com.cn/problem/P3750	training1016090	N1-09	P3750 [六省联考 2017] 分手是祝愿
P4284	[SHOI2014] 概率充电器	https://www.luogu.com.cn/problem/P4284	training1016090	N1-09	P4284 [SHOI2014] 概率充电器
P5249	[LnOI2019] 加特林轮盘赌	https://www.luogu.com.cn/problem/P5249	training1016090	N1-10	P5249 [LnOI2019] 加特林轮盘赌
P2081	[NOI2012] 迷失游乐园	https://www.luogu.com.cn/problem/P2081	training1016090	N1-10	P2081 [NOI2012] 迷失游乐园
P3343	[ZJOI2015] 地震后的幻想乡	https://www.luogu.com.cn/problem/P3343	training1016090	N1-10	P3343 [ZJOI2015] 地震后的幻想乡
P3600	随机数生成器	https://www.luogu.com.cn/problem/P3600	training1016090	N1-10	P3600 随机数生成器
P5326	[ZJOI2019] 开关	https://www.luogu.com.cn/problem/P5326	training1016090	N1-10	P5326 [ZJOI2019] 开关
P1113	[USACO02FEB] 杂务	https://www.luogu.com.cn/problem/P1113	training1016094	N2-01	P1113 [USACO02FEB] 杂务
P1347	[ECNA 2001] 排序	https://www.luogu.com.cn/problem/P1347	training1016094	N2-01	P1347 [ECNA 2001] 排序
P1685	游览	https://www.luogu.com.cn/problem/P1685	training1016094	N2-01	P1685 游览
P3243	[HNOI2015] 菜肴制作	https://www.luogu.com.cn/problem/P3243	training1016094	N2-01	P3243 [HNOI2015] 菜肴制作
P1983	[NOIP 2013 普及组] 车站分级	https://www.luogu.com.cn/problem/P1983	training1016094	N2-01	P1983 [NOIP 2013 普及组] 车站分级
P1038	[NOIP 2003 提高组] 神经网络	https://www.luogu.com.cn/problem/P1038	training1016094	N2-01	P1038 [NOIP 2003 提高组] 神经网络
P4934	礼物	https://www.luogu.com.cn/problem/P4934	training1016094	N2-01	P4934 礼物
P4017	最大食物链计数	https://www.luogu.com.cn/problem/P4017	training1016094	N2-01	P4017 最大食物链计数
P2597	[ZJOI2012] 灾难	https://www.luogu.com.cn/problem/P2597	training1016094	N2-01	P2597 [ZJOI2012] 灾难
UVA10054	The Necklace	https://www.luogu.com.cn/problem/UVA10054	training1016094	N2-01	UVA10054 The Necklace
P1341	无序字母对	https://www.luogu.com.cn/problem/P1341	training1016094	N2-01	P1341 无序字母对
P1333	瑞瑞的木棍	https://www.luogu.com.cn/problem/P1333	training1016094	N2-01	P1333 瑞瑞的木棍
P2731	[USACO3.3] 骑马修栅栏 Riding the Fences	https://www.luogu.com.cn/problem/P2731	training1016094	N2-02	P2731 [USACO3.3] 骑马修栅栏 Riding the Fences
P1127	词链	https://www.luogu.com.cn/problem/P1127	training1016094	N2-02	P1127 词链
P6066	[USACO05JAN] Watchcow S	https://www.luogu.com.cn/problem/P6066	training1016094	N2-02	P6066 [USACO05JAN] Watchcow S
P6628	[省选联考 2020 B 卷] 丁香之路	https://www.luogu.com.cn/problem/P6628	training1016094	N2-02	P6628 [省选联考 2020 B 卷] 丁香之路
P3387	【模板】缩点 / 强连通分量	https://www.luogu.com.cn/problem/P3387	training1016094	N2-02	P3387 【模板】缩点 _ 强连通分量
P3388	【模板】割点（割顶）	https://www.luogu.com.cn/problem/P3388	training1016094	N2-02	P3388 【模板】割点（割顶）
P2341	[USACO03FALL / HAOI2006] 受欢迎的牛 G	https://www.luogu.com.cn/problem/P2341	training1016094	N2-02	P2341 [USACO03FALL _ HAOI2006] 受欢迎的牛 G
P2863	[USACO06JAN] The Cow Prom S	https://www.luogu.com.cn/problem/P2863	training1016094	N2-02	P2863 [USACO06JAN] The Cow Prom S
P2746	[IOI 1996 / USACO5.3] 校园网 Network of Schools	https://www.luogu.com.cn/problem/P2746	training1016094	N2-02	P2746 [IOI 1996 _ USACO5.3] 校园网 Network of Schools
P1407	[国家集训队] 稳定婚姻	https://www.luogu.com.cn/problem/P1407	training1016094	N2-02	P1407 [国家集训队] 稳定婚姻
P2272	[ZJOI2007] 最大半连通子图	https://www.luogu.com.cn/problem/P2272	training1016094	N2-02	P2272 [ZJOI2007] 最大半连通子图
P3225	[ICPC 2011 WF / HNOI2012] 矿场搭建	https://www.luogu.com.cn/problem/P3225	training1016094	N2-02	P3225 [ICPC 2011 WF _ HNOI2012] 矿场搭建
P5058	[ZJOI2004] 嗅探器	https://www.luogu.com.cn/problem/P5058	training1016094	N2-03	P5058 [ZJOI2004] 嗅探器
P2515	[HAOI2010] 软件安装	https://www.luogu.com.cn/problem/P2515	training1016094	N2-03	P2515 [HAOI2010] 软件安装
P2607	[ZJOI2008] 骑士	https://www.luogu.com.cn/problem/P2607	training1016094	N2-03	P2607 [ZJOI2008] 骑士
P5049	[NOIP 2018 提高组] 旅行 加强版	https://www.luogu.com.cn/problem/P5049	training1016094	N2-03	P5049 [NOIP 2018 提高组] 旅行 加强版
P4381	[IOI 2008] Island	https://www.luogu.com.cn/problem/P4381	training1016094	N2-03	P4381 [IOI 2008] Island
P1399	[NOI2013] 快餐店	https://www.luogu.com.cn/problem/P1399	training1016094	N2-03	P1399 [NOI2013] 快餐店
P1453	城市环路	https://www.luogu.com.cn/problem/P1453	training1016094	N2-03	P1453 城市环路
P4782	【模板】2-SAT	https://www.luogu.com.cn/problem/P4782	training1016094	N2-03	P4782 【模板】2-SAT
P4171	[JSOI2010] 满汉全席	https://www.luogu.com.cn/problem/P4171	training1016094	N2-03	P4171 [JSOI2010] 满汉全席
P3825	[NOI2017] 游戏	https://www.luogu.com.cn/problem/P3825	training1016094	N2-03	P3825 [NOI2017] 游戏
P5332	[JSOI2019] 精准预测	https://www.luogu.com.cn/problem/P5332	training1016094	N2-03	P5332 [JSOI2019] 精准预测
B3647	【模板】Floyd	https://www.luogu.com.cn/problem/B3647	training1016094	N2-03	B3647 【模板】Floyd
P1119	灾后重建	https://www.luogu.com.cn/problem/P1119	training1016094	N2-04	P1119 灾后重建
P1613	跑路	https://www.luogu.com.cn/problem/P1613	training1016094	N2-04	P1613 跑路
P2865	[USACO06NOV] Roadblocks G	https://www.luogu.com.cn/problem/P2865	training1016094	N2-04	P2865 [USACO06NOV] Roadblocks G
P2868	[USACO07DEC] Sightseeing Cows G	https://www.luogu.com.cn/problem/P2868	training1016094	N2-04	P2868 [USACO07DEC] Sightseeing Cows G
P5960	【模板】差分约束	https://www.luogu.com.cn/problem/P5960	training1016094	N2-04	P5960 【模板】差分约束
P1730	最小密度路径	https://www.luogu.com.cn/problem/P1730	training1016094	N2-04	P1730 最小密度路径
P2419	[USACO08JAN] Cow Contest S	https://www.luogu.com.cn/problem/P2419	training1016094	N2-04	P2419 [USACO08JAN] Cow Contest S
P3385	【模板】负环	https://www.luogu.com.cn/problem/P3385	training1016094	N2-04	P3385 【模板】负环
P1993	小 K 的农场	https://www.luogu.com.cn/problem/P1993	training1016094	N2-04	P1993 小 K 的农场
P3371	【模板】单源最短路径（弱化版）	https://www.luogu.com.cn/problem/P3371	training1016094	N2-04	P3371 【模板】单源最短路径（弱化版）
P4779	【模板】单源最短路径（标准版）	https://www.luogu.com.cn/problem/P4779	training1016094	N2-04	P4779 【模板】单源最短路径（标准版）
P5905	【模板】全源最短路（Johnson）	https://www.luogu.com.cn/problem/P5905	training1016094	N2-04	P5905 【模板】全源最短路（Johnson）
P1144	最短路计数	https://www.luogu.com.cn/problem/P1144	training1016094	N2-05	P1144 最短路计数
P1462	通往奥格瑞玛的道路	https://www.luogu.com.cn/problem/P1462	training1016094	N2-05	P1462 通往奥格瑞玛的道路
P1522	[USACO2.4] 牛的旅行 Cow Tours	https://www.luogu.com.cn/problem/P1522	training1016094	N2-05	P1522 [USACO2.4] 牛的旅行 Cow Tours
P1266	[BalticOI 2002] 速度限制	https://www.luogu.com.cn/problem/P1266	training1016094	N2-05	P1266 [BalticOI 2002] 速度限制
P4568	[JLOI2011] 飞行路线	https://www.luogu.com.cn/problem/P4568	training1016094	N2-05	P4568 [JLOI2011] 飞行路线
P3238	[HNOI2014] 道路堵塞	https://www.luogu.com.cn/problem/P3238	training1016094	N2-05	P3238 [HNOI2014] 道路堵塞
P5304	[GXOI/GZOI2019] 旅行者	https://www.luogu.com.cn/problem/P5304	training1016094	N2-05	P5304 [GXOI_GZOI2019] 旅行者
P3275	[SCOI2011] 糖果	https://www.luogu.com.cn/problem/P3275	training1016094	N2-05	P3275 [SCOI2011] 糖果
P2294	[HNOI2005] 狡猾的商人	https://www.luogu.com.cn/problem/P2294	training1016094	N2-05	P2294 [HNOI2005] 狡猾的商人
P4926	[1007] 倍杀测量者	https://www.luogu.com.cn/problem/P4926	training1016094	N2-05	P4926 [1007] 倍杀测量者
P5590	赛车游戏	https://www.luogu.com.cn/problem/P5590	training1016094	N2-05	P5590 赛车游戏
P3366	【模板】最小生成树	https://www.luogu.com.cn/problem/P3366	training1016094	N2-05	P3366 【模板】最小生成树
P2121	拆地毯	https://www.luogu.com.cn/problem/P2121	training1016094	N2-06	P2121 拆地毯
P4180	[BJWC2010] 严格次小生成树	https://www.luogu.com.cn/problem/P4180	training1016094	N2-06	P4180 [BJWC2010] 严格次小生成树
P4951	[USACO01OPEN] Earthquake	https://www.luogu.com.cn/problem/P4951	training1016094	N2-06	P4951 [USACO01OPEN] Earthquake
P2872	[USACO07DEC] Building Roads S	https://www.luogu.com.cn/problem/P2872	training1016094	N2-06	P2872 [USACO07DEC] Building Roads S
P1991	无线通讯网	https://www.luogu.com.cn/problem/P1991	training1016094	N2-06	P1991 无线通讯网
P1967	[NOIP 2013 提高组] 货车运输	https://www.luogu.com.cn/problem/P1967	training1016094	N2-06	P1967 [NOIP 2013 提高组] 货车运输
P4047	[JSOI2010] 部落划分	https://www.luogu.com.cn/problem/P4047	training1016094	N2-06	P4047 [JSOI2010] 部落划分
P3376	【模板】网络最大流	https://www.luogu.com.cn/problem/P3376	training1016094	N2-06	P3376 【模板】网络最大流
P2472	[SCOI2007] 蜥蜴	https://www.luogu.com.cn/problem/P2472	training1016094	N2-06	P2472 [SCOI2007] 蜥蜴
P2754	[CTSC1999] 家园 / 星际转移问题	https://www.luogu.com.cn/problem/P2754	training1016094	N2-06	P2754 [CTSC1999] 家园 _ 星际转移问题
P2765	魔术球问题	https://www.luogu.com.cn/problem/P2765	training1016094	N2-06	P2765 魔术球问题
P2766	最长不下降子序列问题	https://www.luogu.com.cn/problem/P2766	training1016094	N2-06	P2766 最长不下降子序列问题
P2805	[NOI2009] 植物大战僵尸	https://www.luogu.com.cn/problem/P2805	training1016094	N2-07	P2805 [NOI2009] 植物大战僵尸
P4722	【模板】最大流 加强版 / 预流推进	https://www.luogu.com.cn/problem/P4722	training1016094	N2-07	P4722 【模板】最大流 加强版 _ 预流推进
P3386	【模板】二分图最大匹配	https://www.luogu.com.cn/problem/P3386	training1016094	N2-07	P3386 【模板】二分图最大匹配
P2071	座位安排	https://www.luogu.com.cn/problem/P2071	training1016094	N2-07	P2071 座位安排
P2756	飞行员配对方案问题	https://www.luogu.com.cn/problem/P2756	training1016094	N2-07	P2756 飞行员配对方案问题
P1129	[ZJOI2007] 矩阵游戏	https://www.luogu.com.cn/problem/P1129	training1016094	N2-07	P1129 [ZJOI2007] 矩阵游戏
P1559	运动员最佳匹配问题	https://www.luogu.com.cn/problem/P1559	training1016094	N2-07	P1559 运动员最佳匹配问题
P2423	[HEOI2012] 朋友圈	https://www.luogu.com.cn/problem/P2423	training1016094	N2-07	P2423 [HEOI2012] 朋友圈
P2764	最小路径覆盖问题	https://www.luogu.com.cn/problem/P2764	training1016094	N2-07	P2764 最小路径覆盖问题
P2825	[HEOI2016/TJOI2016] 游戏	https://www.luogu.com.cn/problem/P2825	training1016094	N2-07	P2825 [HEOI2016_TJOI2016] 游戏
P3033	[USACO11NOV] Cow Steeplechase G	https://www.luogu.com.cn/problem/P3033	training1016094	N2-07	P3033 [USACO11NOV] Cow Steeplechase G
P3731	[HAOI2017] 新型城市化	https://www.luogu.com.cn/problem/P3731	training1016094	N2-07	P3731 [HAOI2017] 新型城市化
P4014	分配问题	https://www.luogu.com.cn/problem/P4014	training1016094	N2-08	P4014 分配问题
P4617	[COCI 2017/2018 #5] Planinarenje	https://www.luogu.com.cn/problem/P4617	training1016094	N2-08	P4617 [COCI 2017_2018 #5] Planinarenje
P2065	[TJOI2011] 卡片	https://www.luogu.com.cn/problem/P2065	training1016094	N2-08	P2065 [TJOI2011] 卡片
P2763	试题库问题	https://www.luogu.com.cn/problem/P2763	training1016094	N2-08	P2763 试题库问题
P1344	[USACO4.4] 追查坏牛奶 Pollutant Control	https://www.luogu.com.cn/problem/P1344	training1016094	N2-08	P1344 [USACO4.4] 追查坏牛奶 Pollutant Control
P1345	[USACO5.4] 奶牛的电信 Telecowmunication	https://www.luogu.com.cn/problem/P1345	training1016094	N2-08	P1345 [USACO5.4] 奶牛的电信 Telecowmunication
P2057	[SHOI2007] 善意的投票 / [JLOI2010] 冠军调查	https://www.luogu.com.cn/problem/P2057	training1016094	N2-08	P2057 [SHOI2007] 善意的投票 _ [JLOI2010] 冠军调查
P2598	[ZJOI2009] 狼和羊的故事	https://www.luogu.com.cn/problem/P2598	training1016094	N2-08	P2598 [ZJOI2009] 狼和羊的故事
P2774	方格取数问题	https://www.luogu.com.cn/problem/P2774	training1016094	N2-08	P2774 方格取数问题
P4126	[AHOI2009] 最小割	https://www.luogu.com.cn/problem/P4126	training1016094	N2-08	P4126 [AHOI2009] 最小割
P5039	[SHOI2010] 最小生成树	https://www.luogu.com.cn/problem/P5039	training1016094	N2-08	P5039 [SHOI2010] 最小生成树
P3749	[六省联考 2017] 寿司餐厅	https://www.luogu.com.cn/problem/P3749	training1016094	N2-08	P3749 [六省联考 2017] 寿司餐厅
P4897	【模板】最小割树（Gomory-Hu Tree）	https://www.luogu.com.cn/problem/P4897	training1016094	N2-09	P4897 【模板】最小割树（Gomory-Hu Tree）
P4001	[ICPC 2006 Beijing R] 狼抓兔子	https://www.luogu.com.cn/problem/P4001	training1016094	N2-09	P4001 [ICPC 2006 Beijing R] 狼抓兔子
P3381	【模板】最小费用最大流	https://www.luogu.com.cn/problem/P3381	training1016094	N2-09	P3381 【模板】最小费用最大流
P4452	[国家集训队] 航班安排	https://www.luogu.com.cn/problem/P4452	training1016094	N2-09	P4452 [国家集训队] 航班安排
P2045	方格取数加强版	https://www.luogu.com.cn/problem/P2045	training1016094	N2-09	P2045 方格取数加强版
P2050	[NOI2012] 美食节	https://www.luogu.com.cn/problem/P2050	training1016094	N2-09	P2050 [NOI2012] 美食节
P2053	[SCOI2007] 修车	https://www.luogu.com.cn/problem/P2053	training1016094	N2-09	P2053 [SCOI2007] 修车
P2604	[ZJOI2010] 网络扩容	https://www.luogu.com.cn/problem/P2604	training1016094	N2-09	P2604 [ZJOI2010] 网络扩容
P2770	航空路线问题	https://www.luogu.com.cn/problem/P2770	training1016094	N2-09	P2770 航空路线问题
P3159	[CQOI2012] 交换棋子	https://www.luogu.com.cn/problem/P3159	training1016094	N2-09	P3159 [CQOI2012] 交换棋子
P3356	火星探险问题	https://www.luogu.com.cn/problem/P3356	training1016094	N2-09	P3356 火星探险问题
P3358	最长 k 可重区间集问题	https://www.luogu.com.cn/problem/P3358	training1016094	N2-09	P3358 最长 k 可重区间集问题
P4013	数字梯形问题	https://www.luogu.com.cn/problem/P4013	training1016094	N2-10	P4013 数字梯形问题
P4015	运输问题	https://www.luogu.com.cn/problem/P4015	training1016094	N2-10	P4015 运输问题
P5331	[SNOI2019] 通信	https://www.luogu.com.cn/problem/P5331	training1016094	N2-10	P5331 [SNOI2019] 通信
